film_id,title,num_rentals
400,"HARDLY ROBBERS",4
584,"MIXED DOORS",4
904,"TRAIN BUNCH",4
107,"BUNCH MINDS",5
343,"FULL FLATLINERS",5
459,"INFORMER DOUBLE",5
612,"MUSSOLINI SPOILERS",5
699,"PRIVATE DROP",5
362,"GLORY TRACY",5
94,"BRAVEHEART HUMAN",5
310,"FEVER EMPIRE",5
781,"SEVEN SWARM",5
903,"TRAFFIC HOBBIT",5
441,"HUNTER ALTER",5
180,"CONSPIRACY SPIRIT",5
558,"MANNEQUIN WORST",5
335,"FREEDOM CLEOPATRA",5
102,"BUBBLE GROSSE",6
974,"WILD APOLLO",6
635,"OKLAHOMA JUMANJI",6
259,"DUCK RACER",6
125,"CASSIDY WYOMING",6
808,"SLING LUKE",6
997,"YOUTH KICK",6
498,"KILLER INNOCENT",6
399,"HAPPINESS UNITED",6
224,"DESPERATE TRAINSPOTTING",6
262,"DUMBO LUST",6
965,"WATERSHIP FRONTIER",6
485,"JERSEY SASSY",6
372,"GRACELAND DYNAMITE",6
884,"TERMINATOR CLUB",6
675,"PHANTOM GLORY",6
885,"TEXAS WATCH",6
405,"HAUNTED ANTITRUST",6
754,"RUSHMORE MERMAID",6
475,"JAPANESE RUN",6
959,"WARLOCK WEREWOLF",6
883,"TEQUILA PAST",6
769,"SCHOOL JACKET",6
168,"COMANCHEROS ENEMY",6
297,"EXTRAORDINARY CONQUERER",6
340,"FRONTIER CABIN",6
507,"LADYBUGS ARMAGEDDON",6
799,"SIMON NORTH",6
62,"BED HIGHBALL",6
32,"APOCALYPSE FLAMINGOS",6
472,"ITALIAN AFRICAN",6
248,"DOZEN LION",7
178,"CONNECTION MICROCOSMOS",7
156,"CLERKS ANGELS",7
541,"LUKE MUMMY",7
238,"DOCTOR GRAIL",7
411,"HEAVENLY GUN",7
185,"COWBOY DOOM",7
836,"SQUAD FISH",7
520,"LICENSE WEEKEND",7
261,"DUFFEL APOCALYPSE",7
517,"LESSON CLEOPATRA",7
839,"STALLION SUNDANCE",7
779,"SENSE GREEK",7
547,"MAGIC MALLRATS",7
53,"BANG KWAI",7
569,"MENAGERIE RUSHMORE",7
684,"PIZZA JUMANJI",7
289,"EVE RESURRECTION",7
935,"VANISHED GARDEN",7
161,"CLUE GRAIL",7
695,"PRESIDENT BANG",7
196,"CRUELTY UNFORGIVEN",7
996,"YOUNG LANGUAGE",7
947,"VISION TORQUE",7
278,"ELF MURDER",7
653,"PANIC CLUB",7
910,"TREATMENT JEKYLL",7
470,"ISHTAR ROCKETEER",7
407,"HAWK CHILL",7
2,"ACE GOLDFINGER",7
605,"MULHOLLAND BEAST",7
622,"NEWSIES STORY",7
106,"BULWORTH COMMANDMENTS",7
182,"CONTROL ANTHEM",7
316,"FIRE WOLVES",7
268,"EARLY HOME",7
513,"LEATHERNECKS DWARFS",7
237,"DIVORCE SHINING",7
124,"CASPER DRAGONFLY",8
817,"SOLDIERS EVOLUTION",8
136,"CHAPLIN LICENSE",8
876,"TARZAN VIDEOTAPE",8
431,"HOOSIERS BIRDCAGE",8
990,"WORLD LEATHERNECKS",8
751,"RUNAWAY TENENBAUMS",8
223,"DESIRE ALIEN",8
47,"BABY HALL",8
752,"RUNNER MADIGAN",8
384,"GROSSE WONDERFUL",8
225,"DESTINATION JERK",8
566,"MAUDE MOD",8
371,"GOSFORD DONNIE",8
490,"JUMANJI BLADE",8
674,"PET HAUNTING",8
548,"MAGNIFICENT CHITTY",8
401,"HAROLD FRENCH",8
866,"SUNSET RACER",8
523,"LIGHTS DEER",8
52,"BALLROOM MOCKINGBIRD",8
703,"PUNK DIVORCE",8
923,"UNFAITHFUL KILL",8
197,"CRUSADE HONEY",8
163,"CLYDE THEORY",8
939,"VERTIGO NORTHWEST",8
758,"SAINTS BRIDE",8
146,"CHITTY LOCK",8
787,"SHINING ROSES",8
718,"REBEL AIRPORT",8
659,"PARK CITIZEN",8
719,"RECORDS ZORRO",8
822,"SOUP WISDOM",8
926,"UNTOUCHABLES SUNRISE",8
364,"GODFATHER DIARY",8
656,"PAPI NECKLACE",8
721,"REDS POCUS",9
824,"SPARTACUS CHEAPER",9
188,"CRAZY HOME",9
13,"ALI FOREVER",9
357,"GILBERT PELICAN",9
515,"LEGALLY SECRETARY",9
503,"KRAMER CHOCOLATE",9
826,"SPEED SUIT",9
126,"CASUALTIES ENCINO",9
998,"ZHIVAGO CORE",9
454,"IMPACT ALADDIN",9
208,"DARES PLUTO",9
499,"KING EVOLUTION",9
516,"LEGEND JEDI",9
256,"DROP WATERFRONT",9
355,"GHOSTBUSTERS ELF",9
214,"DAUGHTER MADIGAN",9
30,"ANYTHING SAVANNAH",9
591,"MONSOON CAUSE",9
978,"WISDOM WORKER",9
230,"DIARY PANIC",9
390,"GUYS FALCON",9
211,"DARLING BREAKING",9
983,"WON DARES",9
632,"NUTS TIES",9
594,"MONTEZUMA COMMAND",9
550,"MAGUIRE APACHE",9
984,"WONDERFUL DROP",9
685,"PLATOON INSTINCT",9
934,"VANILLA DAY",9
815,"SNATCHERS MONTEZUMA",9
76,"BIRDCAGE CASPER",9
435,"HOTEL HAPPINESS",9
120,"CARIBBEAN LIBERTY",9
338,"FRISCO FORREST",9
264,"DWARFS ALTER",9
466,"INTOLERABLE INTENTIONS",9
714,"RANDOM GO",9
240,"DOLLS RAGE",9
940,"VICTORY ACADEMY",9
492,"JUNGLE CLOSER",9
565,"MATRIX SNOWMAN",9
582,"MIRACLE VIRTUAL",9
425,"HOLY TADPOLE",9
834,"SPOILERS HELLFIGHTERS",10
662,"PATHS CONTROL",10
750,"RUN PACIFIC",10
157,"CLOCKWORK PARADISE",10
482,"JEOPARDY ENCINO",10
636,"OLEANDER CLUE",10
740,"ROLLERCOASTER BRINGING",10
368,"GONE TROUBLE",10
29,"ANTITRUST TOMATOES",10
543,"MADIGAN DORADO",10
613,"MYSTIC TRUMAN",10
837,"STAGE WORLD",10
528,"LOLITA WORLD",10
630,"NOTTING SPEAKEASY",10
522,"LIFE TWISTED",10
811,"SMILE EARRING",10
780,"SENSIBILITY REAR",10
868,"SUPERFLY TRIP",10
82,"BLOOD ARGONAUTS",10
393,"HALLOWEEN NUTS",10
726,"RESERVOIR ADAPTATION",10
66,"BENEATH RUSH",10
276,"ELEMENT FREDDY",10
960,"WARS PLUTO",10
553,"MAKER GABLES",10
20,"AMELIE HELLFIGHTERS",10
477,"JAWBREAKER BROOKLYN",10
312,"FIDDLER LOST",10
375,"GRAIL FRANKENSTEIN",10
422,"HOLLOW JEOPARDY",10
339,"FROGMEN BREAKING",10
537,"LOVER TRUMAN",10
279,"ELIZABETH SHANE",10
731,"RIGHT CRANES",10
246,"DOUBTFIRE LABYRINTH",10
539,"LUCK OPUS",10
508,"LAMBS CINCINATTI",10
952,"WAGON JAWS",10
352,"GATHERING CALENDAR",11
64,"BEETHOVEN EXORCIST",11
722,"REEF SALUTE",11
761,"SANTA PARIS",11
337,"FRIDA SLIPPER",11
46,"AUTUMN CROW",11
250,"DRAGON SQUAD",11
627,"NORTH TEQUILA",11
819,"SONG HEDWIG",11
306,"FEATHERS METAL",11
848,"STONE FIRE",11
853,"STRANGER STRANGERS",11
700,"PRIX UNDEFEATED",11
92,"BOWFINGER GABLES",11
210,"DARKO DORADO",11
549,"MAGNOLIA FORRESTER",11
283,"ENDING CROWDS",11
692,"POTLUCK MIXED",11
74,"BIRCH ANTITRUST",11
886,"THEORY MERMAID",11
75,"BIRD INDEPENDENCE",11
918,"TWISTED PIRATES",11
587,"MOD SECRETARY",11
888,"THIN SAGEBRUSH",11
530,"LORD ARIZONA",11
889,"TIES HUNGER",11
899,"TOWERS HURRICANE",11
729,"RIDER CADDYSHACK",11
469,"IRON MOON",11
905,"TRAINSPOTTING STRANGERS",11
60,"BEAST HUNCHBACK",11
104,"BUGSY SONG",11
640,"OPUS ICE",11
633,"OCTOBER SUBMARINE",11
831,"SPIRITED CASUALTIES",11
257,"DRUMLINE CYCLONE",11
187,"CRANES RESERVOIR",11
342,"FUGITIVE MAGUIRE",11
509,"LANGUAGE COWBOY",11
113,"CALIFORNIA BIRDS",12
9,"ALABAMA DEVIL",12
5,"AFRICAN EGG",12
825,"SPEAKEASY DATE",12
207,"DANGEROUS UPTOWN",12
519,"LIBERTY MAGNIFICENT",12
977,"WINDOW SIDE",12
821,"SORORITY QUEEN",12
389,"GUNFIGHTER MUSSOLINI",12
93,"BRANNIGAN SUNRISE",12
567,"MEET CHOCOLATE",12
80,"BLANKET BEVERLY",12
957,"WAR NOTTING",12
813,"SMOOCHY CONTROL",12
933,"VAMPIRE WHALE",12
585,"MOB DUFFEL",12
766,"SAVANNAH TOWN",12
682,"PITTSBURGH HUNCHBACK",12
323,"FLIGHT LIES",12
881,"TEMPLE ATTRACTION",12
928,"UPTOWN YOUNG",12
194,"CROW GREASE",12
291,"EVOLUTION ALTER",12
919,"TYCOON GATHERING",12
794,"SIDE ARK",12
576,"MIGHTY LUCK",12
931,"VALENTINE VANISHING",12
564,"MASSAGE IMAGE",12
581,"MINORITY KISS",12
88,"BORN SPINAL",12
798,"SILVERADO GOLDFINGER",12
533,"LOST BIRD",12
538,"LOVERBOY ATTACKS",12
315,"FINDING ANACONDA",12
3,"ADAPTATION HOLES",12
413,"HEDWIG ALTER",12
258,"DRUMS DYNAMITE",13
430,"HOOK CHARIOTS",13
27,"ANONYMOUS HUMAN",13
202,"DADDY PITTSBURGH",13
487,"JINGLE SAGEBRUSH",13
511,"LAWRENCE LOVE",13
65,"BEHAVIOR RUNAWAY",13
762,"SASSY PACKER",13
213,"DATE SPEED",13
328,"FOREVER CANDIDATE",13
209,"DARKNESS WAR",13
765,"SATURN NAME",13
593,"MONTEREY LABYRINTH",13
568,"MEMENTO ZOOLANDER",13
321,"FLASH WARS",13
293,"EXORCIST STING",13
867,"SUPER WYOMING",13
96,"BREAKING HOME",13
917,"TUXEDO MILE",13
573,"MICROCOSMOS PARADISE",13
290,"EVERYONE CRAFT",13
994,"WYOMING STORM",13
882,"TENENBAUMS COMMAND",13
296,"EXPRESS LONELY",13
929,"USUAL UNTOUCHABLES",13
449,"IDENTITY LOVER",13
440,"HUNGER ROOF",13
133,"CHAMBER ITALIAN",13
711,"RAGING AIRPLANE",13
145,"CHISUM BEHAVIOR",13
98,"BRIGHT ENCOUNTERS",13
828,"SPIKING ELEMENT",13
577,"MILE MULAN",13
134,"CHAMPION FLATLINERS",13
705,"PURPLE MOVIE",13
842,"STATE WASTELAND",13
604,"MULAN MOON",13
151,"CINCINATTI WHISPERER",13
829,"SPINAL ROCKY",13
423,"HOLLYWOOD ANONYMOUS",13
639,"OPPOSITE NECKLACE",13
736,"ROBBERY BRIGHT",13
617,"NATURAL STOCK",13
660,"PARTY KNOCK",13
71,"BILKO ANONYMOUS",13
153,"CITIZEN SHREK",13
177,"CONNECTICUT TRAMP",13
597,"MOONWALKER FOOL",13
661,"PAST SUICIDES",13
540,"LUCKY FLYING",13
63,"BEDAZZLED MARRIED",13
34,"ARABIA DOGMA",13
365,"GOLD RIVER",14
832,"SPLASH GUMP",14
347,"GAMES BOWFINGER",14
620,"NEMO CAMPUS",14
381,"GRINCH MASSAGE",14
599,"MOTHER OLEANDER",14
453,"IMAGE PRINCESS",14
190,"CREEPERS KANE",14
847,"STOCK GLASS",14
667,"PEACH INNOCENT",14
648,"OUTLAW HANKY",14
16,"ALLEY EVOLUTION",14
360,"GLASS DYING",14
455,"IMPOSSIBLE PREJUDICE",14
629,"NOTORIOUS REUNION",14
673,"PERSONAL LADYBUGS",14
205,"DANCES NONE",14
216,"DAY UNFAITHFUL",14
968,"WEREWOLF LOLA",14
546,"MADRE GABLES",14
992,"WRATH MILE",14
81,"BLINDNESS GUN",14
916,"TURN STAR",14
219,"DEEP CRUSADE",14
793,"SHRUNK DIVINE",14
921,"UNCUT SUICIDES",14
784,"SHANGHAI TYCOON",14
783,"SHANE DARKNESS",14
756,"SADDLE ANTITRUST",14
774,"SEARCHERS WAIT",14
946,"VIRTUAL SPOILERS",14
840,"STAMPEDE DISTURBING",14
277,"ELEPHANT TROJAN",14
894,"TOMATOES HELLFIGHTERS",14
652,"PAJAMA JAWBREAKER",14
536,"LOVELY JINGLE",14
478,"JAWS HARRY",14
900,"TOWN ARK",14
426,"HOME PITY",14
658,"PARIS WEEKEND",14
394,"HAMLET WISDOM",14
241,"DONNIE ALLEY",14
24,"ANALYZE HOOSIERS",14
493,"KANE EXORCIST",14
173,"CONFESSIONS MAGUIRE",14
913,"TROOPERS METAL",14
379,"GREEDY ROOTS",14
988,"WORKER TARZAN",15
598,"MOSQUITO ARMAGEDDON",15
452,"ILLUSION AMELIE",15
201,"CYCLONE FAMILY",15
962,"WASTELAND DIVINE",15
137,"CHARADE DUFFEL",15
28,"ANTHEM LUKE",15
542,"LUST LOCK",15
229,"DEVIL DESIRE",15
820,"SONS INTERVIEW",15
858,"SUBMARINE BED",15
505,"LABYRINTH LEAGUE",15
544,"MADISON TRAP",15
529,"LONELY ELEPHANT",15
592,"MONSTER SPARTACUS",15
287,"ENTRAPMENT SATISFACTION",15
232,"DIRTY ACE",15
446,"HYSTERICAL GRAIL",15
896,"TOOTSIE PILOT",15
792,"SHREK LICENSE",15
438,"HUMAN GRAFFITI",15
84,"BOILED DARES",15
420,"HOLES BRANNIGAN",15
588,"MODEL FISH",15
796,"SIERRA DIVIDE",15
272,"EDGE KISSING",15
421,"HOLIDAY GAMES",15
589,"MODERN DORADO",15
795,"SIEGE MADRE",15
770,"SCISSORHANDS SLUMS",15
68,"BETRAYED REAR",15
615,"NASH CHOCOLAT",15
532,"LOSER HUSTLER",15
557,"MANCHURIAN CURTAIN",15
442,"HUNTING MUSKETEERS",15
110,"CABIN FLASH",15
654,"PANKY SUBMARINE",15
932,"VALLEY PACKER",15
788,"SHIP WONDERLAND",15
732,"RINGS HEARTBREAKERS",15
844,"STEERS ARMAGEDDON",15
152,"CIRCUS YOUTH",15
830,"SPIRIT FLINTSTONES",15
872,"SWEET BROTHERHOOD",15
907,"TRANSLATION SUMMER",15
655,"PANTHER REDS",15
236,"DIVINE RESURRECTION",15
7,"AIRPLANE SIERRA",15
942,"VIETNAM SMOOCHY",15
618,"NECKLACE OUTBREAK",15
634,"ODDS BOOGIE",15
749,"RULES HUMAN",16
696,"PRIDE ALAMO",16
739,"ROCKY WAR",16
179,"CONQUERER NUTS",16
975,"WILLOW TRACY",16
189,"CREATURES SHAKESPEARE",16
666,"PAYCHECK WAIT",16
526,"LOCK REAR",16
260,"DUDE BLINDNESS",16
600,"MOTIONS DETAILS",16
963,"WATCH TRACY",16
809,"SLIPPER FIDELITY",16
203,"DAISY MENAGERIE",16
40,"ARMY FLINTSTONES",16
601,"MOULIN WAKE",16
980,"WIZARD COLDBLOODED",16
50,"BAKED CLEOPATRA",16
678,"PICKUP DRIVING",16
679,"PILOT HOOSIERS",16
226,"DESTINY SATURDAY",16
855,"STREAK RIDGEMONT",16
991,"WORST BANGER",16
956,"WANDA CHAMBER",16
373,"GRADUATE LORD",16
969,"WEST LION",16
862,"SUMMER SCARFACE",16
392,"HALL CASSIDY",16
570,"MERMAID INSECTS",16
927,"UPRISING UPTOWN",16
141,"CHICAGO NORTH",16
686,"PLUTO OLEANDER",16
85,"BONNIE HOLOCAUST",16
937,"VARSITY TRIP",16
757,"SAGEBRUSH CLUELESS",16
704,"PURE RUNNER",16
908,"TRAP GUYS",16
797,"SILENCE KANE",16
170,"COMMAND DARLING",16
427,"HOMEWARD CIDER",16
42,"ARTIST COLDBLOODED",16
165,"COLDBLOODED DARLING",16
105,"BULL SHAWSHANK",16
111,"CADDYSHACK JEDI",16
186,"CRAFT OUTFIELD",16
716,"REAP UNFAITHFUL",16
606,"MUMMY CREATURES",16
987,"WORDS HUNTER",16
123,"CASABLANCA SUPER",16
458,"INDIAN LOVE",16
480,"JEEPERS WEDDING",16
351,"GASLIGHT CRUSADE",16
44,"ATTACKS HATE",16
664,"PATRIOT ROMAN",16
708,"QUILLS BULL",16
944,"VIRGIN DAISY",17
803,"SLACKER LIAISONS",17
744,"ROOTS REMEMBER",17
183,"CONVERSATION DOWNHILL",17
336,"FRENCH HOLIDAY",17
481,"JEKYLL FROGMEN",17
643,"ORIENT CLOSER",17
510,"LAWLESS VISION",17
380,"GREEK EVERYONE",17
398,"HANOVER GALAXY",17
611,"MUSKETEERS WAIT",17
348,"GANDHI KWAI",17
626,"NOON PAPI",17
877,"TAXI KICK",17
483,"JERICHO MULAN",17
488,"JOON NORTHWEST",17
672,"PERFECT GROOVE",17
763,"SATISFACTION CONFIDENTIAL",17
964,"WATERFRONT DELIVERANCE",17
999,"ZOOLANDER FICTION",17
854,"STRANGERS GRAFFITI",17
859,"SUGAR WONKA",17
308,"FERRIS MOTHER",17
878,"TEEN APOLLO",17
691,"POSEIDON FOREVER",17
95,"BREAKFAST GOLDFINGER",17
299,"FACTORY DRAGON",17
693,"POTTER CONNECTICUT",17
275,"EGYPT TENENBAUMS",17
552,"MAJESTIC FLOATS",17
574,"MIDNIGHT WESTWARD",17
448,"IDAHO LOVE",17
561,"MASK PEACH",17
464,"INTENTIONS EMPIRE",17
169,"COMFORTS RUSH",17
717,"REAR TRADING",17
506,"LADY STAGE",17
265,"DYING MAKER",17
175,"CONFUSED CANDLES",17
333,"FREAKY POCUS",17
925,"UNITED PILOT",17
70,"BIKINI BORROWERS",17
424,"HOLOCAUST HIGHBALL",17
534,"LOUISIANA HARRY",17
512,"LEAGUE HELLFIGHTERS",17
737,"ROCK INSTINCT",17
623,"NEWTON LABYRINTH",17
324,"FLINTSTONES HAPPINESS",17
58,"BEACH HEARTBREAKERS",17
410,"HEAVEN FREEDOM",18
8,"AIRPORT POLLOCK",18
524,"LION UNCUT",18
473,"JACKET FRISCO",18
657,"PARADISE SABRINA",18
254,"DRIVER ANNIE",18
184,"CORE SUIT",18
746,"ROUGE SQUAD",18
461,"INSECTS STONE",18
383,"GROOVE FICTION",18
329,"FORREST SONS",18
17,"ALONE TRIP",18
215,"DAWN POND",18
967,"WEEKEND PERSONAL",18
385,"GROUNDHOG UNCUT",18
812,"SMOKING BARBARELLA",18
116,"CANDIDATE PERDITION",18
212,"DARN FORRESTER",18
432,"HOPE TOOTSIE",18
724,"REMEMBER DIARY",18
474,"JADE BUNCH",18
294,"EXPECATIONS NATURAL",18
971,"WHALE BIKINI",18
768,"SCARFACE BANG",18
286,"ENOUGH RAGING",18
709,"RACER EGG",18
463,"INSTINCT AIRPORT",18
77,"BIRDS PERDITION",18
936,"VANISHING ROCKY",18
688,"POLISH BROOKLYN",18
121,"CAROL TEXAS",18
689,"POLLOCK DELIVERANCE",18
924,"UNFORGIVEN ZOOLANDER",18
871,"SWEDEN SHINING",18
456,"INCH JET",18
56,"BAREFOOT MANCHURIAN",18
777,"SECRETARY ROUGE",18
986,"WONKA SEA",18
251,"DRAGONFLY STRANGERS",18
583,"MISSION ZOOLANDER",18
90,"BOULEVARD MOB",18
155,"CLEOPATRA DEVIL",18
346,"GALAXY SWEETHEARTS",18
734,"ROAD ROXANNE",19
243,"DOORS PRESIDENT",19
619,"NEIGHBORS CHARADE",19
610,"MUSIC BOONDOCK",19
222,"DESERT POSEIDON",19
227,"DETAILS PACKER",19
818,"SOMETHING DUCK",19
663,"PATIENT SISTER",19
48,"BACKLASH UNDEFEATED",19
115,"CAMPUS REMEMBER",19
158,"CLONES PINOCCHIO",19
747,"ROXANNE REBEL",19
370,"GORGEOUS BINGO",19
160,"CLUB GRAFFITI",19
281,"ENCINO ELF",19
690,"POND SEATTLE",19
72,"BILL OTHERS",19
282,"ENCOUNTERS CURTAIN",19
631,"NOVOCAINE FLIGHT",19
269,"EARRING INSTINCT",19
725,"REQUIEM TYCOON",19
118,"CANYON STOCK",19
560,"MARS ROMAN",19
864,"SUNDANCE INVASION",19
887,"THIEF PELICAN",19
302,"FANTASIA PARK",19
311,"FICTION CHRISTMAS",19
710,"RAGE GAMES",19
436,"HOURS RAGE",19
785,"SHAWSHANK BUBBLE",19
97,"BRIDE INTRIGUE",19
233,"DISCIPLE MOTHER",19
298,"EYES DRIVING",19
150,"CIDER DESIRE",19
948,"VOICE PEACH",19
479,"JEDI BENEATH",19
580,"MINE TITANS",19
616,"NATIONAL STORY",19
344,"FURY MURDER",19
912,"TROJAN TOMORROW",19
457,"INDEPENDENCE HOTEL",19
345,"GABLES METROPOLIS",19
396,"HANGING DEEP",19
429,"HONEY TIES",19
451,"IGBY MAKER",19
414,"HELLFIGHTERS SIERRA",20
486,"JET NEIGHBORS",20
326,"FLYING HOOK",20
496,"KICK SAVANNAH",20
501,"KISSING DOLLS",20
647,"OUTFIELD MASSACRE",20
628,"NORTHWEST POLISH",20
590,"MONEY HAROLD",20
827,"SPICE SORORITY",20
139,"CHASING FIGHT",20
204,"DALMATIONS SWEDEN",20
484,"JERK PAYCHECK",20
668,"PEAK FOREVER",20
140,"CHEAPER CLYDE",20
231,"DINOSAUR SECRETARY",20
778,"SECRETS PARADISE",20
680,"PINOCCHIO SIMON",20
723,"REIGN GENTLEMEN",20
402,"HARPER DYING",20
851,"STRAIGHT HOURS",20
993,"WRONG BEHAVIOR",20
462,"INSIDER ARIZONA",20
694,"PREJUDICE OLEANDER",20
439,"HUNCHBACK IMPOSSIBLE",20
562,"MASKED BUBBLE",20
578,"MILLION ACE",20
465,"INTERVIEW LIAISONS",20
728,"REUNION WITCHES",20
579,"MINDS TRUMAN",20
467,"INTRIGUE WORST",20
99,"BRINGING HYSTERICAL",20
906,"TRAMP OTHERS",20
147,"CHOCOLAT HARRY",20
363,"GO PURPLE",20
805,"SLEEPLESS MONSOON",20
350,"GARDEN ISLAND",20
707,"QUEST MUSSOLINI",20
733,"RIVER OUTLAW",20
409,"HEARTBREAKERS BRIGHT",20
845,"STEPMOM DREAM",20
720,"REDEMPTION COMFORTS",20
743,"ROOM ROMAN",20
535,"LOVE SUICIDES",20
807,"SLEUTH ORIENT",21
514,"LEBOWSKI SOLDIERS",21
249,"DRACULA CRYSTAL",21
833,"SPLENDOR PATTON",21
846,"STING PERSONAL",21
37,"ARIZONA BANG",21
6,"AGENT TRUMAN",21
416,"HIGHBALL POTTER",21
255,"DRIVING POLISH",21
138,"CHARIOTS CONSPIRACY",21
354,"GHOST GROUNDHOG",21
637,"OPEN AFRICAN",21
39,"ARMAGEDDON LOST",21
49,"BADMAN DAWN",21
317,"FIREBALL PHILADELPHIA",21
981,"WOLVES DESIRE",21
953,"WAIT CIDER",21
861,"SUIT WALLS",21
19,"AMADEUS HOLY",21
218,"DECEIVER BETRAYED",21
681,"PIRATES ROXANNE",21
129,"CAUSE DATE",21
677,"PIANIST OUTFIELD",21
193,"CROSSROADS CASUALTIES",21
83,"BLUES INSTINCT",21
755,"SABRINA MIDNIGHT",21
727,"RESURRECTION SILVERADO",21
132,"CHAINSAW UPTOWN",21
922,"UNDEFEATED DALMATIONS",21
292,"EXCITEMENT EVE",21
67,"BERETS AGENT",21
602,"MOURNING PURPLE",21
149,"CHRISTMAS MOONSHINE",21
920,"UNBREAKABLE KARATE",21
930,"VACATION BOONDOCK",21
841,"STAR OPERATION",21
313,"FIDELITY DEVIL",21
22,"AMISTAD MIDSUMMER",21
776,"SECRET GROUNDHOG",21
69,"BEVERLY OUTLAW",21
164,"COAST RAINBOW",21
274,"EGG IGBY",21
23,"ANACONDA CONFESSIONS",21
377,"GREASE YOUTH",21
235,"DIVIDE MONSTER",21
100,"BROOKLYN DESERT",21
280,"EMPIRE MALKOVICH",21
596,"MOONSHINE CABIN",21
57,"BASIC EASY",21
242,"DOOM DANCING",21
112,"CALENDAR GUNFIGHT",21
806,"SLEEPY JAPANESE",21
26,"ANNIE IDENTITY",22
59,"BEAR GRACELAND",22
518,"LIAISONS SWEET",22
415,"HIGH ENCINO",22
15,"ALIEN CENTER",22
18,"ALTER VICTORY",22
79,"BLADE POLISH",22
444,"HUSTLER PARTY",22
651,"PACKER MADIGAN",22
322,"FLATLINERS KILLER",22
814,"SNATCH SLIPPER",22
772,"SEA VIRGIN",22
300,"FALCON VOLUME",22
782,"SHAKESPEARE SADDLE",22
406,"HAUNTING PIANIST",22
972,"WHISPERER GIANT",22
142,"CHICKEN HELLFIGHTERS",22
898,"TOURIST PELICAN",22
575,"MIDSUMMER GROUNDHOG",22
143,"CHILL LUCK",22
21,"AMERICAN CIRCUS",22
54,"BANGER PINOCCHIO",22
556,"MALTESE HOPE",22
376,"GRAPES FURY",22
985,"WONDERLAND CHRISTMAS",22
314,"FIGHT JAWBREAKER",22
61,"BEAUTY GREASE",22
706,"QUEEN LUKE",22
949,"VOLCANO TEXAS",22
408,"HEAD STRANGER",22
89,"BORROWERS BEDAZZLED",22
176,"CONGENIALITY QUEST",22
428,"HOMICIDE PEACH",22
267,"EAGLES PANKY",22
800,"SINNERS ATLANTIS",22
252,"DREAM PICKUP",22
823,"SOUTH WAIT",22
25,"ANGELS LIFE",22
500,"KISS GLORY",22
914,"TROUBLE DATE",23
4,"AFFAIR PREJUDICE",23
608,"MURDER ANTITRUST",23
961,"WASH HEAVENLY",23
665,"PATTON INTERVIEW",23
646,"OUTBREAK DIVINE",23
353,"GENTLEMEN STAGE",23
327,"FOOL MOCKINGBIRD",23
412,"HEAVYWEIGHTS BEAST",23
10,"ALADDIN CALENDAR",23
976,"WIND PHANTOM",23
645,"OTHERS SOUP",23
504,"KWAI HOMEWARD",23
191,"CROOKED FROGMEN",23
614,"NAME DETECTIVE",23
51,"BALLOON HOMEWARD",23
982,"WOMEN DORADO",23
320,"FLAMINGOS CONNECTICUT",23
915,"TRUMAN CRAZY",23
676,"PHILADELPHIA WIFE",23
117,"CANDLES GRAPES",23
857,"STRICTLY SCARFACE",23
270,"EARTH VISION",23
892,"TITANIC BOONDOCK",23
995,"YENTL IDAHO",23
271,"EASY GLADIATOR",23
437,"HOUSE DYNAMITE",23
771,"SCORPION APOLLO",23
199,"CUPBOARD SINNERS",23
843,"STEEL SANTA",23
1,"ACADEMY DINOSAUR",23
759,"SALUTE APOLLO",23
122,"CARRIE BUNCH",23
334,"FREDDY STORM",23
816,"SNOWMAN ROLLERCOASTER",23
494,"KARATE MOON",23
253,"DRIFTER COMMANDMENTS",24
45,"ATTRACTION NEWTON",24
35,"ARACHNOPHOBIA ROLLERCOASTER",24
502,"KNOCK WARLOCK",24
366,"GOLDFINGER SENSIBILITY",24
852,"STRANGELOVE DESIRE",24
11,"ALAMO VIDEOTAPE",24
527,"LOLA AGENT",24
91,"BOUND CHEAPER",24
388,"GUNFIGHT MOON",24
649,"OZ LIAISONS",24
810,"SLUMS DUCK",24
865,"SUNRISE LEAGUE",24
650,"PACIFIC AMISTAD",24
966,"WEDDING APOLLO",24
491,"JUMPING WRATH",24
790,"SHOOTIST SUPERFLY",24
433,"HORN WORKING",24
551,"MAIDEN HOME",24
586,"MOCKINGBIRD HOLLYWOOD",24
447,"ICE CROSSING",24
130,"CELEBRITY HORN",24
119,"CAPER MOTIONS",24
131,"CENTER DINOSAUR",24
476,"JASON TRAP",24
775,"SEATTLE EXPECATIONS",24
304,"FARGO GANDHI",24
804,"SLEEPING SUSPECTS",24
443,"HURRICANE AFFAIR",24
741,"ROMAN PUNK",24
43,"ATLANTIS CAUSE",24
166,"COLOR PHILADELPHIA",24
641,"ORANGE GRAPES",24
154,"CLASH FREDDY",25
624,"NIGHTMARE CHILL",25
760,"SAMURAI LION",25
989,"WORKING MICROCOSMOS",25
644,"OSCAR GOLD",25
417,"HILLS NEIGHBORS",25
319,"FISH OPUS",25
545,"MADNESS ATTACKS",25
387,"GUN BONNIE",25
309,"FEUD FROGMEN",25
856,"STREETCAR INTENTIONS",25
288,"ESCAPE METROPOLIS",25
791,"SHOW LORD",25
863,"SUN CONFESSIONS",25
880,"TELEMARK HEARTBREAKERS",25
902,"TRADING PINOCCHIO",25
571,"METAL ARMAGEDDON",25
555,"MALLRATS UNITED",25
162,"CLUELESS BUCKET",25
786,"SHEPHERD MIDSUMMER",25
273,"EFFECT GLADIATOR",25
895,"TOMORROW HUSTLER",25
55,"BARBARELLA STREETCAR",25
245,"DOUBLE WRATH",25
266,"DYNAMITE TARZAN",25
172,"CONEHEADS SMOOCHY",25
247,"DOWNHILL ENOUGH",25
460,"INNOCENT USUAL",26
12,"ALASKA PHANTOM",26
307,"FELLOWSHIP AUTUMN",26
838,"STAGECOACH ARMAGEDDON",26
670,"PELICAN COMFORTS",26
391,"HALF OUTFIELD",26
445,"HYDE DOCTOR",26
890,"TIGHTS DAWN",26
572,"METROPOLIS COMA",26
970,"WESTWARD SEABISCUIT",26
683,"PITY BOUND",26
773,"SEABISCUIT PUNK",26
554,"MALKOVICH PET",26
167,"COMA HEAD",26
687,"POCUS PULP",26
263,"DURHAM PANKY",26
303,"FANTASY TROOPERS",26
938,"VELVET TERMINATOR",26
234,"DISTURBING SCARFACE",26
901,"TRACY CIDER",26
471,"ISLAND EXORCIST",26
181,"CONTACT ANONYMOUS",26
101,"BROTHERHOOD BLANKET",26
397,"HANKY OCTOBER",26
244,"DORADO NOTTING",27
525,"LOATHING LEGALLY",27
625,"NONE SPIKING",27
114,"CAMELOT VACATION",27
835,"SPY MILE",27
697,"PRIMARY GLASS",27
698,"PRINCESS GIANT",27
367,"GOLDMINE TYCOON",27
228,"DETECTIVE VISION",27
349,"GANGS PRIDE",27
638,"OPERATION OPERATION",27
521,"LIES TREATMENT",27
78,"BLACKOUT PRIVATE",27
330,"FORRESTER COMANCHEROS",27
206,"DANCING FEVER",27
879,"TELEGRAPH VOYAGE",27
958,"WARDROBE PHANTOM",27
434,"HORROR REIGN",27
897,"TORQUE BOUND",27
870,"SWARM GOLD",27
468,"INVASION CYCLONE",27
531,"LOSE INCH",27
603,"MOVIE SHAKESPEARE",27
715,"RANGE MOONWALKER",27
200,"CURTAIN VIDEOTAPE",27
135,"CHANCE RESURRECTION",27
356,"GIANT TROOPERS",28
745,"ROSES TREASURE",28
358,"GILMORE BOILED",28
305,"FATAL HAUNTED",28
159,"CLOSER BANG",28
764,"SATURDAY LAMBS",28
850,"STORY SIDE",28
295,"EXPENDABLE STALLION",28
395,"HANDICAP BOONDOCK",28
911,"TRIP NEWTON",28
951,"VOYAGE LEGALLY",28
875,"TALENTED HOMICIDE",29
220,"DEER VIRGINIAN",29
945,"VIRGINIAN PLUTO",29
361,"GLEAMING JAWBREAKER",29
849,"STORM HAPPINESS",29
73,"BINGO TALENTED",29
284,"ENEMY ODDS",29
595,"MOON BUNCH",29
301,"FAMILY SWEET",29
893,"TITANS JERK",29
86,"BOOGIE AMELIE",29
174,"CONFIDENTIAL INTERVIEW",29
941,"VIDEOTAPE ARSENIC",29
378,"GREATEST NORTH",29
873,"SWEETHEARTS SUSPECTS",29
109,"BUTTERFLY CHOCOLAT",30
979,"WITCHES PANIC",30
127,"CAT CONEHEADS",30
702,"PULP BEVERLY",30
374,"GRAFFITI LOVE",30
403,"HARRY IDAHO",30
285,"ENGLISH BULWORTH",30
869,"SUSPECTS QUILLS",30
563,"MASSACRE USUAL",30
239,"DOGMA FAMILY",30
341,"FROST HEAD",30
450,"IDOLS SNATCHERS",30
559,"MARRIED GO",30
789,"SHOCK CABIN",30
748,"RUGRATS SHAKESPEARE",30
609,"MUSCLE BRIGHT",30
369,"GOODFELLAS SALUTE",31
418,"HOBBIT ALIEN",31
753,"RUSH GOODFELLAS",31
1000,"ZORRO ARK",31
31,"APACHE DIVINE",31
891,"TIMBERLAND SKY",31
735,"ROBBERS JOON",31
621,"NETWORK PEAK",31
973,"WIFE TURN",31
382,"GRIT CLOCKWORK",32
489,"JUGGLER HARDLY",32
767,"SCALAWAG DUCK",32
331,"FORWARD TEMPLE",32
730,"RIDGEMONT SUBMARINE",32
738,"ROCKETEER MOTHER",33
103,"BUCKET BROTHERHOOD",34
